<?xml version="1.0" encoding="UTF-8"?>
<config xmlns="http://www.knime.org/2008/09/XMLConfig" xmlns:xsi="http://www.w3.org/2001/XMLSchema-instance" xsi:schemaLocation="http://www.knime.org/2008/09/XMLConfig http://www.knime.org/XMLConfig_2008_09.xsd" key="settings.xml">
<entry key="name" type="xstring" value="Domain Calculator"/>
<config key="model">
<config key="possible_values_columns">
<entry key="array-size" type="xint" value="3"/>
<entry key="0" type="xstring" value="Gerrit"/>
<entry key="1" type="xstring" value="YearAndMonth"/>
<entry key="2" type="xstring" value="DateSequence"/>
</config>
<config key="min_max_columns">
<entry key="array-size" type="xint" value="0"/>
</config>
<entry key="max_poss_values" type="xint" value="60"/>
<entry key="possible_values_unselected_retain" type="xboolean" value="true"/>
<entry key="min_max_unselected_retain" type="xboolean" value="true"/>
</config>
<entry key="hasContent" type="xboolean" value="true"/>
<entry key="isInactive" type="xboolean" value="false"/>
<config key="ports">
<config key="port_1">
<entry key="index" type="xint" value="1"/>
<entry key="port_spec_class" type="xstring" value="org.knime.core.data.DataTableSpec"/>
<entry key="port_object_class" type="xstring" value="org.knime.core.node.BufferedDataTable"/>
<entry key="port_object_summary" type="xstring" value="Rows: 15668, Cols: 12"/>
<entry key="port_dir_location" type="xstring" value="port_1"/>
</config>
</config>
<config key="filestores">
<entry key="file_store_location" type="xstring" isnull="true" value=""/>
<entry key="file_store_id" type="xstring" value="1f5a4133-17bc-4764-aefb-45837761d81a"/>
</config>
</config>
