<?xml version="1.0" encoding="UTF-8"?>
<config xmlns="http://www.knime.org/2008/09/XMLConfig" xmlns:xsi="http://www.w3.org/2001/XMLSchema-instance" xsi:schemaLocation="http://www.knime.org/2008/09/XMLConfig http://www.knime.org/XMLConfig_2008_09.xsd" key="settings.xml">
<entry key="name" type="xstring" value="GroupBy"/>
<config key="model">
<config key="grouByColumns_Internals">
<entry key="SettingsModelID" type="xstring" value="SMID_filterString"/>
<entry key="EnabledStatus" type="xboolean" value="true"/>
</config>
<config key="grouByColumns">
<config key="InclList">
<entry key="array-size" type="xint" value="2"/>
<entry key="0" type="xstring" value="Gerrit"/>
<entry key="1" type="xstring" value="YearAndMonth"/>
</config>
<config key="ExclList">
<entry key="array-size" type="xint" value="10"/>
<entry key="0" type="xstring" value="Name"/>
<entry key="1" type="xstring" value="CommitterDate"/>
<entry key="2" type="xstring" value="AddedDate"/>
<entry key="3" type="xstring" value="Files"/>
<entry key="4" type="xstring" value="Insertions"/>
<entry key="5" type="xstring" value="Deletions"/>
<entry key="6" type="xstring" value="Year"/>
<entry key="7" type="xstring" value="Month"/>
<entry key="8" type="xstring" value="Changes"/>
<entry key="9" type="xstring" value="DateSequence"/>
</config>
<entry key="keep_all_columns_selected" type="xboolean" value="false"/>
</config>
<config key="maxNoneNumericalVals_Internals">
<entry key="SettingsModelID" type="xstring" value="SMID_integer"/>
<entry key="EnabledStatus" type="xboolean" value="true"/>
</config>
<entry key="maxNoneNumericalVals" type="xint" value="10000"/>
<config key="enableHilite_Internals">
<entry key="SettingsModelID" type="xstring" value="SMID_boolean"/>
<entry key="EnabledStatus" type="xboolean" value="true"/>
</config>
<entry key="enableHilite" type="xboolean" value="false"/>
<config key="sortInMemory_Internals">
<entry key="SettingsModelID" type="xstring" value="SMID_boolean"/>
<entry key="EnabledStatus" type="xboolean" value="true"/>
</config>
<entry key="sortInMemory" type="xboolean" value="false"/>
<config key="aggregationColumn">
<config key="columnNames">
<entry key="array-size" type="xint" value="5"/>
<entry key="0" type="xstring" value="Files"/>
<entry key="1" type="xstring" value="Insertions"/>
<entry key="2" type="xstring" value="Deletions"/>
<entry key="3" type="xstring" value="Changes"/>
<entry key="4" type="xstring" value="Name"/>
</config>
<config key="columnTypes">
<entry key="array-size" type="xint" value="5"/>
<config key="0">
<entry key="cell_class" type="xstring" value="org.knime.core.data.def.IntCell"/>
<entry key="is_null" type="xboolean" value="false"/>
</config>
<config key="1">
<entry key="cell_class" type="xstring" value="org.knime.core.data.def.IntCell"/>
<entry key="is_null" type="xboolean" value="false"/>
</config>
<config key="2">
<entry key="cell_class" type="xstring" value="org.knime.core.data.def.IntCell"/>
<entry key="is_null" type="xboolean" value="false"/>
</config>
<config key="3">
<entry key="cell_class" type="xstring" value="org.knime.core.data.def.IntCell"/>
<entry key="is_null" type="xboolean" value="false"/>
</config>
<config key="4">
<entry key="cell_class" type="xstring" value="org.knime.core.data.def.StringCell"/>
<entry key="is_null" type="xboolean" value="false"/>
</config>
</config>
<config key="aggregationMethod">
<entry key="array-size" type="xint" value="5"/>
<entry key="0" type="xstring" value="Sum_V2.5.2"/>
<entry key="1" type="xstring" value="Sum_V2.5.2"/>
<entry key="2" type="xstring" value="Sum_V2.5.2"/>
<entry key="3" type="xstring" value="Sum_V2.5.2"/>
<entry key="4" type="xstring" value="Count"/>
</config>
<config key="inclMissingVals">
<entry key="array-size" type="xint" value="5"/>
<entry key="0" type="xboolean" value="false"/>
<entry key="1" type="xboolean" value="false"/>
<entry key="2" type="xboolean" value="false"/>
<entry key="3" type="xboolean" value="false"/>
<entry key="4" type="xboolean" value="true"/>
</config>
</config>
<config key="columnNamePolicy_Internals">
<entry key="SettingsModelID" type="xstring" value="SMID_string"/>
<entry key="EnabledStatus" type="xboolean" value="true"/>
</config>
<entry key="columnNamePolicy" type="xstring" value="Aggregation method (column name)"/>
<config key="retainOrder_Internals">
<entry key="SettingsModelID" type="xstring" value="SMID_boolean"/>
<entry key="EnabledStatus" type="xboolean" value="true"/>
</config>
<entry key="retainOrder" type="xboolean" value="false"/>
<config key="inMemory_Internals">
<entry key="SettingsModelID" type="xstring" value="SMID_boolean"/>
<entry key="EnabledStatus" type="xboolean" value="true"/>
</config>
<entry key="inMemory" type="xboolean" value="false"/>
<config key="valueDelimiter_Internals">
<entry key="SettingsModelID" type="xstring" value="SMID_string"/>
<entry key="EnabledStatus" type="xboolean" value="true"/>
</config>
<entry key="valueDelimiter" type="xstring" value=", "/>
</config>
<entry key="hasContent" type="xboolean" value="true"/>
<entry key="isInactive" type="xboolean" value="false"/>
<config key="ports">
<config key="port_1">
<entry key="index" type="xint" value="1"/>
<entry key="port_spec_class" type="xstring" value="org.knime.core.data.DataTableSpec"/>
<entry key="port_object_class" type="xstring" value="org.knime.core.node.BufferedDataTable"/>
<entry key="port_object_summary" type="xstring" value="Rows: 110, Cols: 7"/>
<entry key="port_dir_location" type="xstring" value="port_1"/>
</config>
</config>
<config key="filestores">
<entry key="file_store_location" type="xstring" isnull="true" value=""/>
<entry key="file_store_id" type="xstring" value="108c45a4-b2ed-413e-b588-23877fc8af6a"/>
</config>
</config>
