<?xml version="1.0" encoding="UTF-8"?>
<config xmlns="http://www.knime.org/2008/09/XMLConfig" xmlns:xsi="http://www.w3.org/2001/XMLSchema-instance" xsi:schemaLocation="http://www.knime.org/2008/09/XMLConfig http://www.knime.org/XMLConfig_2008_09.xsd" key="settings.xml">
<entry key="name" type="xstring" value="Column Rename"/>
<config key="model">
<config key="all_columns">
<config key="YearAndMonth">
<entry key="old_column_name" type="xstring" value="YearAndMonth"/>
<entry key="new_column_name" type="xstring" isnull="true" value=""/>
<entry key="new_column_type" type="xint" value="0"/>
</config>
<config key="None Files">
<entry key="old_column_name" type="xstring" value="None Files"/>
<entry key="new_column_name" type="xstring" isnull="true" value=""/>
<entry key="new_column_type" type="xint" value="0"/>
</config>
<config key="None Insertions">
<entry key="old_column_name" type="xstring" value="None Insertions"/>
<entry key="new_column_name" type="xstring" isnull="true" value=""/>
<entry key="new_column_type" type="xint" value="0"/>
</config>
<config key="None Deletions">
<entry key="old_column_name" type="xstring" value="None Deletions"/>
<entry key="new_column_name" type="xstring" isnull="true" value=""/>
<entry key="new_column_type" type="xint" value="0"/>
</config>
<config key="None Changes">
<entry key="old_column_name" type="xstring" value="None Changes"/>
<entry key="new_column_name" type="xstring" isnull="true" value=""/>
<entry key="new_column_type" type="xint" value="0"/>
</config>
<config key="None+Count(Name">
<entry key="old_column_name" type="xstring" value="None+Count(Name"/>
<entry key="new_column_name" type="xstring" value="None Commits"/>
<entry key="new_column_type" type="xint" value="0"/>
</config>
<config key="Gerrit Files">
<entry key="old_column_name" type="xstring" value="Gerrit Files"/>
<entry key="new_column_name" type="xstring" isnull="true" value=""/>
<entry key="new_column_type" type="xint" value="0"/>
</config>
<config key="Gerrit Insertions">
<entry key="old_column_name" type="xstring" value="Gerrit Insertions"/>
<entry key="new_column_name" type="xstring" isnull="true" value=""/>
<entry key="new_column_type" type="xint" value="0"/>
</config>
<config key="Gerrit Deletions">
<entry key="old_column_name" type="xstring" value="Gerrit Deletions"/>
<entry key="new_column_name" type="xstring" isnull="true" value=""/>
<entry key="new_column_type" type="xint" value="0"/>
</config>
<config key="Gerrit Changes">
<entry key="old_column_name" type="xstring" value="Gerrit Changes"/>
<entry key="new_column_name" type="xstring" isnull="true" value=""/>
<entry key="new_column_type" type="xint" value="0"/>
</config>
<config key="Gerrit+Count(Name">
<entry key="old_column_name" type="xstring" value="Gerrit+Count(Name"/>
<entry key="new_column_name" type="xstring" value="Gerrit Commits"/>
<entry key="new_column_type" type="xint" value="0"/>
</config>
</config>
</config>
<entry key="hasContent" type="xboolean" value="true"/>
<entry key="isInactive" type="xboolean" value="false"/>
<config key="ports">
<config key="port_1">
<entry key="index" type="xint" value="1"/>
<entry key="port_spec_class" type="xstring" value="org.knime.core.data.DataTableSpec"/>
<entry key="port_object_class" type="xstring" value="org.knime.core.node.BufferedDataTable"/>
<entry key="port_object_summary" type="xstring" value="Rows: 91, Cols: 11"/>
<entry key="port_dir_location" type="xstring" value="port_1"/>
</config>
</config>
<config key="filestores">
<entry key="file_store_location" type="xstring" isnull="true" value=""/>
<entry key="file_store_id" type="xstring" value="06e24f1b-f837-4a4e-b282-6eae10969980"/>
</config>
</config>
