<?xml version="1.0" encoding="UTF-8"?>
<config xmlns="http://www.knime.org/2008/09/XMLConfig" xmlns:xsi="http://www.w3.org/2001/XMLSchema-instance" xsi:schemaLocation="http://www.knime.org/2008/09/XMLConfig http://www.knime.org/XMLConfig_2008_09.xsd" key="settings.xml">
<entry key="name" type="xstring" value="Column Aggregator"/>
<config key="model">
<config key="aggregationColumns_Internals">
<entry key="SettingsModelID" type="xstring" value="SMID_columnfilter"/>
<entry key="EnabledStatus" type="xboolean" value="true"/>
</config>
<config key="aggregationColumns">
<entry key="filter-type" type="xstring" value="STANDARD"/>
<config key="included_names">
<entry key="array-size" type="xint" value="2"/>
<entry key="0" type="xstring" value="Insertions"/>
<entry key="1" type="xstring" value="Deletions"/>
</config>
<config key="excluded_names">
<entry key="array-size" type="xint" value="8"/>
<entry key="0" type="xstring" value="Name"/>
<entry key="1" type="xstring" value="CommitterDate"/>
<entry key="2" type="xstring" value="AddedDate"/>
<entry key="3" type="xstring" value="Gerrit"/>
<entry key="4" type="xstring" value="Files"/>
<entry key="5" type="xstring" value="Year"/>
<entry key="6" type="xstring" value="Month"/>
<entry key="7" type="xstring" value="YearAndMonth"/>
</config>
<entry key="enforce_option" type="xstring" value="EnforceExclusion"/>
</config>
<config key="removeRetainedColumns_Internals">
<entry key="SettingsModelID" type="xstring" value="SMID_boolean"/>
<entry key="EnabledStatus" type="xboolean" value="true"/>
</config>
<entry key="removeRetainedColumns" type="xboolean" value="false"/>
<config key="removeAggregationColumns_Internals">
<entry key="SettingsModelID" type="xstring" value="SMID_boolean"/>
<entry key="EnabledStatus" type="xboolean" value="true"/>
</config>
<entry key="removeAggregationColumns" type="xboolean" value="false"/>
<config key="valueDelimiter_Internals">
<entry key="SettingsModelID" type="xstring" value="SMID_string"/>
<entry key="EnabledStatus" type="xboolean" value="true"/>
</config>
<entry key="valueDelimiter" type="xstring" value=", "/>
<config key="maxNoneNumericalVals_Internals">
<entry key="SettingsModelID" type="xstring" value="SMID_integer"/>
<entry key="EnabledStatus" type="xboolean" value="true"/>
</config>
<entry key="maxNoneNumericalVals" type="xint" value="10000"/>
<config key="aggregationMethods">
<config key="resultColName">
<entry key="array-size" type="xint" value="1"/>
<entry key="0" type="xstring" value="Changes"/>
</config>
<config key="aggregationMethod">
<entry key="array-size" type="xint" value="1"/>
<entry key="0" type="xstring" value="Sum_V2.5.2"/>
</config>
<config key="inclMissingVals">
<entry key="array-size" type="xint" value="1"/>
<entry key="0" type="xboolean" value="false"/>
</config>
</config>
</config>
<entry key="hasContent" type="xboolean" value="true"/>
<entry key="isInactive" type="xboolean" value="false"/>
<config key="ports">
<config key="port_1">
<entry key="index" type="xint" value="1"/>
<entry key="port_spec_class" type="xstring" value="org.knime.core.data.DataTableSpec"/>
<entry key="port_object_class" type="xstring" value="org.knime.core.node.BufferedDataTable"/>
<entry key="port_object_summary" type="xstring" value="Rows: 15668, Cols: 11"/>
<entry key="port_dir_location" type="xstring" value="port_1"/>
</config>
</config>
<config key="filestores">
<entry key="file_store_location" type="xstring" isnull="true" value=""/>
<entry key="file_store_id" type="xstring" value="f8899904-6259-46e7-983e-ca74fe96ed6f"/>
</config>
</config>
