<?xml version="1.0" encoding="UTF-8"?>
<config xmlns="http://www.knime.org/2008/09/XMLConfig" xmlns:xsi="http://www.w3.org/2001/XMLSchema-instance" xsi:schemaLocation="http://www.knime.org/2008/09/XMLConfig http://www.knime.org/XMLConfig_2008_09.xsd" key="settings.xml">
<entry key="name" type="xstring" value="Column Rename"/>
<config key="model">
<config key="all_columns">
<config key="Col0">
<entry key="old_column_name" type="xstring" value="Col0"/>
<entry key="new_column_name" type="xstring" value="Name"/>
<entry key="new_column_type" type="xint" value="0"/>
</config>
<config key="Col1">
<entry key="old_column_name" type="xstring" value="Col1"/>
<entry key="new_column_name" type="xstring" value="CommitterDate"/>
<entry key="new_column_type" type="xint" value="0"/>
</config>
<config key="Col2">
<entry key="old_column_name" type="xstring" value="Col2"/>
<entry key="new_column_name" type="xstring" value="AddedDate"/>
<entry key="new_column_type" type="xint" value="0"/>
</config>
<config key="Col3">
<entry key="old_column_name" type="xstring" value="Col3"/>
<entry key="new_column_name" type="xstring" value="Gerrit"/>
<entry key="new_column_type" type="xint" value="0"/>
</config>
<config key="Col4">
<entry key="old_column_name" type="xstring" value="Col4"/>
<entry key="new_column_name" type="xstring" value="Files"/>
<entry key="new_column_type" type="xint" value="0"/>
</config>
<config key="Col5">
<entry key="old_column_name" type="xstring" value="Col5"/>
<entry key="new_column_name" type="xstring" value="Insertions"/>
<entry key="new_column_type" type="xint" value="0"/>
</config>
<config key="Col6">
<entry key="old_column_name" type="xstring" value="Col6"/>
<entry key="new_column_name" type="xstring" value="Deletions"/>
<entry key="new_column_type" type="xint" value="0"/>
</config>
</config>
</config>
<entry key="hasContent" type="xboolean" value="true"/>
<entry key="isInactive" type="xboolean" value="false"/>
<config key="ports">
<config key="port_1">
<entry key="index" type="xint" value="1"/>
<entry key="port_spec_class" type="xstring" value="org.knime.core.data.DataTableSpec"/>
<entry key="port_object_class" type="xstring" value="org.knime.core.node.BufferedDataTable"/>
<entry key="port_object_summary" type="xstring" value="Rows: 15668, Cols: 7"/>
<entry key="port_dir_location" type="xstring" value="port_1"/>
</config>
</config>
<config key="filestores">
<entry key="file_store_location" type="xstring" isnull="true" value=""/>
<entry key="file_store_id" type="xstring" value="3fee24cb-5bc5-4ac8-8786-11345bf01f8a"/>
</config>
</config>
